attack,level,dt_level,mal_nodes,method,seed,polluted_acc,polluted_f1,clean_acc,clean_f1,w_mal
label_flip,L1,D0,5,weighted,0,0.6236308813095093,0.5731230640674333,0.8062710165977478,0.7612352255918394,0.08051616342157336
label_flip,L1,D0,5,weighted,1,0.6343509554862976,0.582515514644736,0.7679171562194824,0.717392042718971,0.08534192539500755
label_flip,L1,D0,5,weighted,2,0.6385458111763,0.589139377216129,0.7890070676803589,0.7410141281899151,0.04223291445289697
label_flip,L1,D0,5,weighted,3,0.6469354629516602,0.5877388933399048,0.7870473861694336,0.7307509703300985,0.09204789776134654
label_flip,L1,D0,5,weighted,4,0.6429736614227295,0.5881961900977216,0.7988055348396301,0.7475109546318099,0.08276398826468953
dt_logit_scale,,D0,5,weighted,0,0.8105337023735046,0.7753573413961315,0.8096304535865784,0.7703901350217037,0.08653257881169604
dt_logit_scale,,D0,5,weighted,1,0.7979491949081421,0.7573056422907158,0.7982456088066101,0.7549102906606899,0.07029490478285441
dt_logit_scale,,D0,5,weighted,2,0.8021440505981445,0.7914889729897197,0.8087905645370483,0.798015971937877,0.06436486310747698
dt_logit_scale,,D0,5,weighted,3,0.7960848212242126,0.7515932205627704,0.8006718754768372,0.7547258827885959,0.12290752199016743
dt_logit_scale,,D0,5,weighted,4,0.8103006482124329,0.7882395151432553,0.8157894611358643,0.7922370410828021,0.10463509603564922
