attack,level,dt_level,mal_nodes,method,polluted_acc_m,polluted_acc_s,polluted_f1_m,polluted_f1_s,clean_acc_m,clean_acc_s,clean_f1_m,clean_f1_s,w_mal_m,w_mal_s,count
label_flip,L1,D0,5,weighted,0.6372873544692993,0.008026524721084036,0.584142607873185,0.005973445905618451,0.7898096323013306,0.012957299549606968,0.7395806642925267,0.01486043587167444,0.0765805778591028,0.017603889201154986,5
dt_logit_scale,,D0,5,weighted,0.8034024834632874,0.006054901321057579,0.7727969384765185,0.01602497364954822,0.8066255927085877,0.00637751762897744,0.7740558642983337,0.01821142879390512,0.0897469929455688,0.02169905531294087,5
