attack,level,dt_level,mal_nodes,method,seed,polluted_acc,polluted_f1,clean_acc,clean_f1,w_mal
dt_logit_scale,,D0,5,weighted,0,0.8105337023735046,0.7753573413961315,0.8096304535865784,0.7703901350217037,0.08653257881169604
dt_logit_scale,,D0,5,weighted,1,0.7979491949081421,0.7573056422907158,0.7982456088066101,0.7549102906606899,0.07029490478285441
dt_logit_scale,,D0,5,weighted,2,0.8021440505981445,0.7914889729897197,0.8087905645370483,0.798015971937877,0.06436486310747698
