attack,level,dt_level,mal_nodes,is_malicious,method,R2_m,R4_m,Rep_m,pi_m,KL_q_p_m,passed_gate_m,R2_s,R4_s,Rep_s,pi_s,KL_q_p_s,passed_gate_s,count
label_flip,L1,D0,3,0,weighted,0.7310585786300049,0.6932853634725955,50.945376234752175,50.945376234752175,0.36658789685794285,0.2571428571428571,0.0,0.01622849371083098,17.203893183728326,17.203893183728326,0.0234311240429083,0.4370588154508102,35
label_flip,L1,D0,3,0,weighted_r4only,0.5,0.670315181768543,5.3692767702831,5.3692767702831,0.40035491500582016,0.05714285714285714,0.0,0.01774425717912578,1.137895635624034,1.137895635624034,0.026317706735772023,0.23211538298959888,35
label_flip,L1,D0,3,1,weighted,0.731058578630005,0.5888280792030068,6.334927586118039,6.334927586118039,0.5314642210801442,0.0,1.1102230246251565e-16,0.034889299373813326,3.520242280628958,3.520242280628958,0.061482126402098075,0.0,15
label_flip,L1,D0,3,1,weighted_r4only,0.5,0.5657977071646544,1.6823440567988968,1.6823440567988968,0.5718031167984009,0.0,0.0,0.03679840697875814,0.563437812018723,0.563437812018723,0.06895373668533479,0.0,15
