attack_mode,attack,level,dt_level,mal_nodes,method,tau_gate,lambda_m,audit_size,ref_size,clean_f1_m,clean_f1_s,w_mal_m,w_mal_s,clean_acc_m,clean_acc_s,polluted_f1_m,polluted_f1_s,polluted_acc_m,polluted_acc_s,count
dt_logit_scale,dt_logit_scale,,D0,0,server_val,0.7,0.0,0,512,0.76027824004719,0.008753494194296128,0.0,0.0,0.8026502847671508,0.005807493582927564,0.7652486204195246,0.005102442777642197,0.8050337910652161,0.003159799417492094,5
dt_logit_scale,dt_logit_scale,,D0,3,server_val,0.7,0.0,0,512,0.6925441546598726,0.044282256549777244,0.3294974219564278,0.01460836444182336,0.7676185369491577,0.0245520929423586,0.697103644114525,0.04568882932740744,0.7679328918457031,0.026089239178232682,5
dt_logit_scale,dt_logit_scale,,D0,5,server_val,0.7,0.0,0,512,0.6533904401828491,0.051338466587731085,0.7726491652564909,0.09012244183730363,0.7486748933792114,0.026975991149506193,0.6557607528847932,0.05860243861211792,0.7476112842559814,0.032149189803354065,5
label_flip,label_flip,L1,D0,0,server_val,0.7,0.0,0,512,0.76027824004719,0.008753494194296128,0.0,0.0,0.8026502847671508,0.005807493582927564,0.7652486204195246,0.005102442777642197,0.8050337910652161,0.003159799417492094,5
label_flip,label_flip,L1,D0,3,server_val,0.7,0.0,0,512,0.5642247699375782,0.09185617412352676,0.2409636916606935,0.013868618770004473,0.7066629648208618,0.032292042992783314,0.4920757817194447,0.06939386853418641,0.6214868545532226,0.020648655489920054,5
label_flip,label_flip,L1,D0,5,server_val,0.7,0.0,0,512,0.3400671220916259,0.06587902237425647,0.3174386876737801,0.034315325252566004,0.5299552202224731,0.14674993635503542,0.3357570328431768,0.025824294145712152,0.5075740039348602,0.057913102128670645,5
stealth_amp,stealth_amp,,D0,0,server_val,0.7,0.0,0,512,0.76027824004719,0.008753494194296128,0.0,0.0,0.8026502847671508,0.005807493582927564,0.7652486204195246,0.005102442777642197,0.8050337910652161,0.003159799417492094,5
stealth_amp,stealth_amp,,D0,3,server_val,0.7,0.0,0,512,0.746857318647,0.03572181657636076,0.005857505415690497,0.0048260424492712435,0.7849944233894348,0.027587421390330515,0.7499853508486425,0.030304000375137294,0.7857841849327087,0.024037600591298537,5
stealth_amp,stealth_amp,,D0,5,server_val,0.7,0.0,0,512,0.5567008934518183,0.16426700496440946,0.006328095580720357,0.003942171526352317,0.6025569379329682,0.16785760802467747,0.5596903648820787,0.1662570527536984,0.6031694293022156,0.16910543341776135,5
