attack_mode,attack,level,dt_level,mal_nodes,method,tau_gate,lambda_m,audit_size,ref_size,clean_f1_m,clean_f1_s,w_mal_m,w_mal_s,clean_acc_m,clean_acc_s,polluted_f1_m,polluted_f1_s,polluted_acc_m,polluted_acc_s,count
label_flip,label_flip,L1,D0,3,weighted,0.6,0.0,0,128,0.7559446775453373,0.012854540373521588,0.05149575972829183,0.01780111601078059,0.8005225896835327,0.008494459847276781,0.6310444780141821,0.004263917064798279,0.6786762952804566,0.0025030343356087894,5
label_flip,label_flip,L1,D0,3,weighted,0.7,0.0,0,128,0.7561745343115949,0.012489982378239974,0.05058592067627823,0.011556682111984266,0.8006345748901367,0.008316875942231659,0.6308361890276319,0.004490646161545878,0.6784432530403137,0.003297082836822939,5
